study_ID,dependent_measure,exposure_phase,stimuli_type,native_lang,test_lang,num_trials,n_1,mean_age_1,LT_con,LT_incon,SD_LT_con,SD_LT_incon,t-value,d-value,hedge_g,se_hedge_g,expt_condition,gender_1_fem,n_excluded_1,trial_control,long_cite,method
MacKain et al. (1983),proportion_total_looking_time,test_only,segment,English,native,12,18,177.2,0.540,0.50,,,2.99,,1.3812981,0.3727939,1,0.56,,fixed,"MacKain, K., Studdert-Kennedy, M., Spieker, S., & Stern, D. (1983). Infant intermodal speech perception is a left-hemisphere function. Science, 219(4590), 1347-1349.",looking_while_listening
Kuhl & Meltzoff (1984),proportion_total_looking_time,familiarization,segment,English,native,12,32,135.1,0.736,0.50,,,4.67,,0.80473505,0.3093456,1,,10,fixed,"Kuhl, P. K., & Meltzoff, A. N. (1984). The intermodal representation of speech in infants. Infant behavior and development, 7(3), 361-381.",looking_while_listening
Walker-Andrews et al. (1991),proportion_total_looking_time,test_only,passage,English,native,2,16,129.4,0.526,0.50,0.29,,,,0.10553356,0.3538123,Trial_one_to_eight,0.50,8,fixed,"Walker-Andrews, A. S., Bahrick, L. E., Raglioni, S. S., & Diaz, I. (1991). Infants' bimodal perception of gender. Ecological Psychology, 3(2), 55-75.",looking_while_listening
Walker-Andrews et al. (1991),proportion_total_looking_time,test_only,passage,English,native,2,16,129.4,0.636,0.5,0.25,,,,0.6123212,0.3621675,Trial_nine_to_sixteen,0.50,8,fixed,"Walker-Andrews, A. S., Bahrick, L. E., Raglioni, S. S., & Diaz, I. (1991). Infants' bimodal perception of gender. Ecological Psychology, 3(2), 55-75.",looking_while_listening
Walker-Andrews et al. (1991),proportion_total_looking_time,test_only,passage,English,native,2,16,179.1,0.523,0.50,0.22,,,,0.11234687,0.3538468,Trial_one_to_eight,0.50,3,fixed,"Walker-Andrews, A. S., Bahrick, L. E., Raglioni, S. S., & Diaz, I. (1991). Infants' bimodal perception of gender. Ecological Psychology, 3(2), 55-75.",looking_while_listening
Walker-Andrews et al. (1991),proportion_total_looking_time,test_only,passage,English,native,2,16,179.1,0.642,0.5,0.20,,,,0.73336797,0.3658468,Trial_nine_to_sixteen,0.50,3,fixed,"Walker-Andrews, A. S., Bahrick, L. E., Raglioni, S. S., & Diaz, I. (1991). Infants' bimodal perception of gender. Ecological Psychology, 3(2), 55-75.",looking_while_listening
Walker-Andrews et al. (1991),proportion_total_looking_time,test_only,passage,English,native,16,24,106.6,0.512,0.50,0.11,,,,0.03947975,0.2887042,Trial_one_to_eight,0.58,10,fixed,"Walker-Andrews, A. S., Bahrick, L. E., Raglioni, S. S., & Diaz, I. (1991). Infants' bimodal perception of gender. Ecological Psychology, 3(2), 55-75.",looking_while_listening
Walker-Andrews et al. (1991),proportion_total_looking_time,test_only,passage,English,native,16,24,106.6,0.495,0.50,0.08,,,,-0.01671859,0.2886803,Trial_nine_to_sixteen,0.58,10,fixed,"Walker-Andrews, A. S., Bahrick, L. E., Raglioni, S. S., & Diaz, I. (1991). Infants' bimodal perception of gender. Ecological Psychology, 3(2), 55-75.",looking_while_listening
Walker-Andrews et al. (1991),proportion_total_looking_time,test_only,passage,English,native,16,24,195.8,0.540,0.50,0.09,,,,0.13309664,0.2890053,Trial_one_to_eight,0.58,4,fixed,"Walker-Andrews, A. S., Bahrick, L. E., Raglioni, S. S., & Diaz, I. (1991). Infants' bimodal perception of gender. Ecological Psychology, 3(2), 55-75.",looking_while_listening
Walker-Andrews et al. (1991),proportion_total_looking_time,test_only,passage,English,native,16,24,195.8,0.506,0.50,0.10,,,,0.01985685,0.2886825,Trial_nine_to_sixteen,0.58,4,fixed,"Walker-Andrews, A. S., Bahrick, L. E., Raglioni, S. S., & Diaz, I. (1991). Infants' bimodal perception of gender. Ecological Psychology, 3(2), 55-75.",looking_while_listening
Bahrick et al. (1998),proportion_total_looking_time,test_only,passage,English,native,6,16,126.0,0.520,0.50,0.22,,,,0.07312781,0.3536777,Trial_one_to_eight,0.38,8,fixed,"Bahrick, L. E., Netto, D., & Hernandez-Reif, M. (1998). Intermodal perception of adult and child faces and voices by infants. Child Dev, 69(5), 1263-1275.",looking_while_listening
Bahrick et al. (1998),proportion_total_looking_time,test_only,passage,English,native,6,16,126.0,0.570,0.50,0.24,,,,0.24804636,0.3549813,Trial_nine_to_sixteen,0.38,8,fixed,"Bahrick, L. E., Netto, D., & Hernandez-Reif, M. (1998). Intermodal perception of adult and child faces and voices by infants. Child Dev, 69(5), 1263-1275.",looking_while_listening
Bahrick et al. (1998),proportion_total_looking_time,test_only,passage,English,native,6,16,222.0,0.680,0.50,0.21,,,,0.66833645,0.3637924,Trial_one_to_eight,0.31,4,fixed,"Bahrick, L. E., Netto, D., & Hernandez-Reif, M. (1998). Intermodal perception of adult and child faces and voices by infants. Child Dev, 69(5), 1263-1275.",looking_while_listening
Bahrick et al. (1998),proportion_total_looking_time,test_only,passage,English,native,6,16,222.0,0.630,0.50,0.22,,,,0.47533079,0.3587691,Trial_nine_to_sixteen,0.31,4,fixed,"Bahrick, L. E., Netto, D., & Hernandez-Reif, M. (1998). Intermodal perception of adult and child faces and voices by infants. Child Dev, 69(5), 1263-1275.",looking_while_listening
Aldridge et al. (1999),first-look_duration,test_only,segment,NA,native,5,16,1.4,12.180,6.40,4.58,4.490,,,1.2423392,0.3877876,vowel_i_match_vs_mismatch,0.38,0,infant_all,"Aldridge, M. A., Braga, E. S., Walton, G. E., & Bower, T. (1999). The intermodal representation of speech in newborns. Developmental Science, 2(1), 42-46",looking_while_listening
Aldridge et al. (1999),first-look_duration,test_only,segment,NA,native,5,16,1.4,11.610,6.26,7.72,3.480,,,0.8709507,0.3707741,vowel_y_match_vs_mismatch,0.38,0,infant_all,"Aldridge, M. A., Braga, E. S., Walton, G. E., & Bower, T. (1999). The intermodal representation of speech in newborns. Developmental Science, 2(1), 42-46",looking_while_listening
Aldridge et al. (1999),first-look_duration,test_only,segment,NA,native,5,16,1.4,8.930,7.64,5.84,4.100,,,0.2492243,0.3549949,vowel_u_match_vs_mismatch,0.38,0,infant_all,"Aldridge, M. A., Braga, E. S., Walton, G. E., & Bower, T. (1999). The intermodal representation of speech in newborns. Developmental Science, 2(1), 42-46",looking_while_listening
Aldridge et al. (1999),first-look_duration,test_only,segment,NA,native,5,16,1.4,13.060,8.05,1.69,1.970,,,2.6609118,0.4913536,vowel_a_match_vs_mismatch,0.38,0,infant_all,"Aldridge, M. A., Braga, E. S., Walton, G. E., & Bower, T. (1999). The intermodal representation of speech in newborns. Developmental Science, 2(1), 42-46",looking_while_listening
Patterson & Werker (1999),proportion_total_looking_time,familiarization,segment,English,native,1,32,134.0,0.647,0.50,,,3.27,,0.56348686,0.2886802,female_voice_match,0.50,20,fixed,"Patterson, M. L., & Werker, J. F. (1999). Matching phonetic information in lips and voice is robust in 4.5-month-old infants. Infant Behavior and Development, 22(2), 237-247.",looking_while_listening
Patterson & Werker (1999),proportion_total_looking_time,familiarization,segment,English,native,1,32,137.0,0.627,0.50,,,3.02,,0.52040682,0.2679066,male_voice_match,0.50,15,fixed,"Patterson, M. L., & Werker, J. F. (1999). Matching phonetic information in lips and voice is robust in 4.5-month-old infants. Infant Behavior and Development, 22(2), 237-247.",looking_while_listening
Patterson & Werker (2002),proportion_total_looking_time,familiarization,segment,English,native,1,64,147.7,0.524,0.50,0.15,,,,0.17301894,0.1771111,gender_vowel_match,0.50,31,fixed,"Patterson, M. L., & Werker, J. F. (2002). Infants' ability to match dynamic phonetic and gender information in the face and voice. Journal of experimental child psychology, 81(1), 93-115.",looking_while_listening
Patterson & Werker (2002),proportion_total_looking_time,familiarization,segment,English,native,1,32,135.8,0.563,0.50,0.15,,,,0.48144673,0.2536842,4.5_gender_match,0.50,15,fixed,"Patterson, M. L., & Werker, J. F. (2002). Infants' ability to match dynamic phonetic and gender information in the face and voice. Journal of experimental child psychology, 81(1), 93-115.",looking_while_listening
Patterson & Werker (2002),proportion_total_looking_time,familiarization,segment,English,native,1,32,138.6,0.622,0.50,,,2.61,,0.8368702,0.2688132,vowel_match,0.50,12,fixed,"Patterson, M. L., & Werker, J. F. (2002). Infants' ability to match dynamic phonetic and gender information in the face and voice. Journal of experimental child psychology, 81(1), 93-115.",looking_while_listening
Patterson & Werker (2002),proportion_total_looking_time,familiarization,segment,English,native,1,32,186.2,0.581,0.50,,,1.66,,0.5812571,0.2641662,6m_gender_match,,13,fixed,"Patterson, M. L., & Werker, J. F. (2002). Infants' ability to match dynamic phonetic and gender information in the face and voice. Journal of experimental child psychology, 81(1), 93-115.",looking_while_listening
Patterson & Werker (2002),proportion_total_looking_time,familiarization,segment,English,native,1,32,256.9,0.637,0.50,,,3.44,,1.2045328,0.2441652,8m_gender_match,,19,fixed,"Patterson, M. L., & Werker, J. F. (2002). Infants' ability to match dynamic phonetic and gender information in the face and voice. Journal of experimental child psychology, 81(1), 93-115.",looking_while_listening
Bahrick et al. (2005),proportion_total_looking_time,habituation,passage,English,native,12,20,122.0,0.470,0.50,0.09,,,,-0.10458155,0.3164527,Trial_one_to_eight,0.70,12,fixed,"Bahrick, L. E., Hernandez-Reif, M., & Flom, R. (2005). The development of infant learning about specific face-voice relations. Developmental psychology, 41(3), 541.",looking_while_listening
Bahrick et al. (2005),proportion_total_looking_time,habituation,passage,English,native,12,20,122.0,0.490,0.50,0.14,,,,-0.03365789,0.3162511,Trial_nine_to_sixteen,0.70,12,fixed,"Bahrick, L. E., Hernandez-Reif, M., & Flom, R. (2005). The development of infant learning about specific face-voice relations. Developmental psychology, 41(3), 541.",looking_while_listening
Bahrick et al. (2005),proportion_total_looking_time,habituation,passage,English,native,12,20,186.0,0.540,0.50,0.08,,,,0.14019786,0.3166319,Trial_one_to_eight,0.40,15,fixed,"Bahrick, L. E., Hernandez-Reif, M., & Flom, R. (2005). The development of infant learning about specific face-voice relations. Developmental psychology, 41(3), 541.",looking_while_listening
Bahrick et al. (2005),proportion_total_looking_time,habituation,passage,English,native,12,20,186.0,0.540,0.50,0.12,,,,0.13674418,0.3166122,Trial_nine_to_sixteen,0.40,15,fixed,"Bahrick, L. E., Hernandez-Reif, M., & Flom, R. (2005). The development of infant learning about specific face-voice relations. Developmental psychology, 41(3), 541.",looking_while_listening
Pons et al. (2009),proportion_total_looking_time,familiarization,segment,Spanish,non-native,6,24,182.6,,,,,2.41,,0.9703829,0.3365931,6m_Spanish,0.50,7.5,fixed,"Pons, F., Lewkowicz, D. J., Soto-Faraco, S., & Sebastián-Gallés, N. (2009). Narrowing of intersensory speech perception in infancy. Proceedings of the National Academy of Sciences, 106(26), 10598-10602.",looking_while_listening
Pons et al. (2009),proportion_total_looking_time,familiarization,segment,Spanish,non-native,6,24,334.8,,,,,0.78,,0.3140658,0.2943201,11m_Spanish,0.50,7.5,fixed,"Pons, F., Lewkowicz, D. J., Soto-Faraco, S., & Sebastián-Gallés, N. (2009). Narrowing of intersensory speech perception in infancy. Proceedings of the National Academy of Sciences, 106(26), 10598-10602.",looking_while_listening
Pons et al. (2009),proportion_total_looking_time,familiarization,segment,English,native,6,24,182.6,,,,,2.33,,0.9381711,0.3408023,6m_English,0.58,5.5,fixed,"Pons, F., Lewkowicz, D. J., Soto-Faraco, S., & Sebastián-Gallés, N. (2009). Narrowing of intersensory speech perception in infancy. Proceedings of the National Academy of Sciences, 106(26), 10598-10602.",looking_while_listening
Pons et al. (2009),proportion_total_looking_time,familiarization,segment,English,native,6,16,334.8,,,,,3.85,,1.8796879,0.3658277,11m_English,0.50,5.5,fixed,"Pons, F., Lewkowicz, D. J., Soto-Faraco, S., & Sebastián-Gallés, N. (2009). Narrowing of intersensory speech perception in infancy. Proceedings of the National Academy of Sciences, 106(26), 10598-10602.",looking_while_listening
Trehub et al. (2009),proportion_total_looking_time,familiarization,passage,English,native,6,48,213.1,0.573,0.50,,,3.64,,0.51677581,0.2253844,1,,,fixed,"Trehub, S., Plantinga, J., & Brcic, J. (2009). Infants detect cross-modal cues to identity in speech and singing. Annals of the New York Academy of Sciences, 1169(1), 508-511.",looking_while_listening
Kubicek et al. (2013),proportion_total_looking_time,familiarization,passage,German,native,6,40,377.0,0.480,0.50,0.10,0.110,,,-0.1884253,0.2241121,German_familiarization,0.48,3.5,fixed,"Kubicek, C., De Boisferon, A. H., Dupierrix, E., Loevenbruck, H., Gervain, J., & Schwarzer, G. (2013). Face-scanning behavior to silently-talking faces in 12-month-old infants: The impact of pre-exposed auditory speech. International Journal of Behavioral Development, 37(2), 106-110.",looking_while_listening
Kubicek et al. (2013),proportion_total_looking_time,familiarization,passage,German,non-native,6,40,377.0,0.500,0.50,0.11,0.110,,,0,0.2236068,French_familiarization,0.48,3.5,fixed,"Kubicek, C., De Boisferon, A. H., Dupierrix, E., Loevenbruck, H., Gervain, J., & Schwarzer, G. (2013). Face-scanning behavior to silently-talking faces in 12-month-old infants: The impact of pre-exposed auditory speech. International Journal of Behavioral Development, 37(2), 106-110.",looking_while_listening
Lewkowicz & Pons (2013),first-look_duration,familiarization,passage,English,non-native,6,96,213.1,,,,,0.94,,0.1913409,0.1451915,6m_Spanish_familiarization,0.46,,fixed,"Lewkowicz, D. J., & Pons, F. (2013). Recognition of amodal language identity emerges in infancy. International Journal of Behavioral Development, 37(2), 90-94.",looking_while_listening
Lewkowicz & Pons (2013),first-look_duration,familiarization,passage,English,non-native,6,96,340.8,,,,,0.92,,0.1872698,0.1447074,8m_Spanish_familiarization,0.49,,fixed,"Lewkowicz, D. J., & Pons, F. (2013). Recognition of amodal language identity emerges in infancy. International Journal of Behavioral Development, 37(2), 90-94.",looking_while_listening
Lewkowicz & Pons (2013),first-look_duration,familiarization,passage,English,native,6,96,213.1,,,,,1.36,,0.2768336,0.1446352,6m_English_familiarization,0.46,,fixed,"Lewkowicz, D. J., & Pons, F. (2013). Recognition of amodal language identity emerges in infancy. International Journal of Behavioral Development, 37(2), 90-94.",looking_while_listening
Lewkowicz & Pons (2013),first-look_duration,familiarization,passage,English,native,6,96,340.8,,,,,0.56,,0.1139903,0.1446128,8m_English_familiarization,0.49,,fixed,"Lewkowicz, D. J., & Pons, F. (2013). Recognition of amodal language identity emerges in infancy. International Journal of Behavioral Development, 37(2), 90-94.",looking_while_listening
Kubicek et al. (2014a),proportion_total_looking_time,familiarization,passage,German,native,6,49,372.0,0.481,0.50,0.08,0.093,,,-0.2287578,0.2027006,AD_German,0.45,,fixed,"Kubicek, C., Gervain, J., De Boisferon, A. H., Pascalis, O., Lœvenbruck, H., & Schwarzer, G. (2014). The influence of infant-directed speech on 12-month-olds’  intersensory perception of fluent speech. Infant Behavior and Development, 37(4), 644-651.",looking_while_listening
Kubicek et al. (2014a),proportion_total_looking_time,familiarization,passage,German,non-native,6,49,372.0,0.506,0.51,0.12,0.105,,,0,0.2020305,AD_French,0.45,,fixed,"Kubicek, C., Gervain, J., De Boisferon, A. H., Pascalis, O., Lœvenbruck, H., & Schwarzer, G. (2014). The influence of infant-directed speech on 12-month-olds’  intersensory perception of fluent speech. Infant Behavior and Development, 37(4), 644-651.",looking_while_listening
Kubicek et al. (2014a),proportion_total_looking_time,familiarization,passage,German,native,6,47,369.0,,,,,,0.56,0.55061453,0.1938397,IDS_German,0.45,,fixed,"Kubicek, C., Gervain, J., De Boisferon, A. H., Pascalis, O., Lœvenbruck, H., & Schwarzer, G. (2014). The influence of infant-directed speech on 12-month-olds’  intersensory perception of fluent speech. Infant Behavior and Development, 37(4), 644-651.",looking_while_listening
Kubicek et al. (2014b),proportion_total_looking_time,familiarization,passage,German,native,6,48,137.9,0.546,0.45,0.07,0.120,,,0.9950896,0.2165814,4.5m_German_familiarization,0.54,3.5,fixed,"Kubicek, C., De Boisferon, A. H., Dupierrix, E., Pascalis, O., Loevenbruck, H., Gervain, J., & Schwarzer, G. (2014). Cross-modal matching of audio-visual German and French fluent speech in infancy. PLoS One, 9(2), e89275.",looking_while_listening
Kubicek et al. (2014b),proportion_total_looking_time,familiarization,passage,German,non-native,6,48,137.9,0.599,0.54,0.09,0.088,,,0.6687218,0.2098416,4.5m_French_familiarization,0.54,3.5,fixed,"Kubicek, C., De Boisferon, A. H., Dupierrix, E., Pascalis, O., Loevenbruck, H., Gervain, J., & Schwarzer, G. (2014). Cross-modal matching of audio-visual German and French fluent speech in infancy. PLoS One, 9(2), e89275.",looking_while_listening
Kubicek et al. (2014b),proportion_total_looking_time,familiarization,passage,German,native,6,48,195.6,0.549,0.44,0.08,0.109,,,1.1413514,0.2203664,6m_German_familiarization,0.48,3.5,fixed,"Kubicek, C., De Boisferon, A. H., Dupierrix, E., Pascalis, O., Loevenbruck, H., Gervain, J., & Schwarzer, G. (2014). Cross-modal matching of audio-visual German and French fluent speech in infancy. PLoS One, 9(2), e89275.",looking_while_listening
Kubicek et al. (2014b),proportion_total_looking_time,familiarization,passage,German,non-native,6,48,195.6,0.549,0.55,0.08,0.065,,,0,0.2041241,6m_French_familiarization,0.48,3.5,fixed,"Kubicek, C., De Boisferon, A. H., Dupierrix, E., Pascalis, O., Loevenbruck, H., Gervain, J., & Schwarzer, G. (2014). Cross-modal matching of audio-visual German and French fluent speech in infancy. PLoS One, 9(2), e89275.",looking_while_listening
Kubicek et al. (2014b),proportion_total_looking_time,familiarization,passage,German,native,6,30,198.5,0.482,0.46,0.10,0.092,,,0.2110986,0.258936,6m_German_short_familiarization,0.30,4,fixed,"Kubicek, C., De Boisferon, A. H., Dupierrix, E., Pascalis, O., Loevenbruck, H., Gervain, J., & Schwarzer, G. (2014). Cross-modal matching of audio-visual German and French fluent speech in infancy. PLoS One, 9(2), e89275.",looking_while_listening
Kubicek et al. (2014b),proportion_total_looking_time,familiarization,passage,German,native,6,43,195.0,0.546,0.45,0.13,0.106,,,0.835559,0.2250431,6m_German_stimuli,0.47,4.5,fixed,"Kubicek, C., De Boisferon, A. H., Dupierrix, E., Pascalis, O., Loevenbruck, H., Gervain, J., & Schwarzer, G. (2014). Cross-modal matching of audio-visual German and French fluent speech in infancy. PLoS One, 9(2), e89275.",looking_while_listening
Kubicek et al. (2014b),proportion_total_looking_time,familiarization,passage,German,non-native,6,43,195.0,0.611,0.54,0.07,0.060,,,1.0298147,0.2297594,6m_French_stimuli,0.47,4.5,fixed,"Kubicek, C., De Boisferon, A. H., Dupierrix, E., Pascalis, O., Loevenbruck, H., Gervain, J., & Schwarzer, G. (2014). Cross-modal matching of audio-visual German and French fluent speech in infancy. PLoS One, 9(2), e89275.",looking_while_listening
Kubicek et al. (2014b),proportion_total_looking_time,familiarization,passage,German,native,6,45,368.7,0.494,0.51,0.09,0.133,,,-0.1770558,0.2112383,12m_German_stimuli,0.62,4.5,fixed,"Kubicek, C., De Boisferon, A. H., Dupierrix, E., Pascalis, O., Loevenbruck, H., Gervain, J., & Schwarzer, G. (2014). Cross-modal matching of audio-visual German and French fluent speech in infancy. PLoS One, 9(2), e89275.",looking_while_listening
Kubicek et al. (2014b),proportion_total_looking_time,familiarization,passage,German,non-native,6,45,368.7,0.547,0.48,0.08,0.079,,,0.901017,0.2214333,12m_French_stimuli,0.62,4.5,fixed,"Kubicek, C., De Boisferon, A. H., Dupierrix, E., Pascalis, O., Loevenbruck, H., Gervain, J., & Schwarzer, G. (2014). Cross-modal matching of audio-visual German and French fluent speech in infancy. PLoS One, 9(2), e89275.",looking_while_listening
Hillairet de Boisferon et al. (2015),proportion_total_looking_time,familiarization,passage,French,native,6,48,193.0,0.530,0.50,,,,0.33,0.32459016,0.2369037,6_mos_female_voice,0.54,12,fixed,"Hillairet de Boisferon, A., Dupierrix, E., Quinn, P. C., Lœvenbruck, H., Lewkowicz, D. J., Lee, K., & Pascalis, O. (2015). Perception of multisensory gender coherence in 6‐and 9‐month‐old infants. Infancy, 20(6), 661-674.",looking_while_listening
Hillairet de Boisferon et al. (2015),proportion_total_looking_time,familiarization,passage,French,native,6,48,193.0,0.497,0.50,,,,0.02,0.01967213,0.2301154,6_mos_male_voice,0.54,12,fixed,"Hillairet de Boisferon, A., Dupierrix, E., Quinn, P. C., Lœvenbruck, H., Lewkowicz, D. J., Lee, K., & Pascalis, O. (2015). Perception of multisensory gender coherence in 6‐and 9‐month‐old infants. Infancy, 20(6), 661-674.",looking_while_listening
Hillairet de Boisferon et al. (2015),proportion_total_looking_time,familiarization,passage,French,native,6,47,285.0,0.548,0.50,,,,0.6,0.58994413,0.2064792,9_mos_female_voice,0.45,6,fixed,"Hillairet de Boisferon, A., Dupierrix, E., Quinn, P. C., Lœvenbruck, H., Lewkowicz, D. J., Lee, K., & Pascalis, O. (2015). Perception of multisensory gender coherence in 6‐and 9‐month‐old infants. Infancy, 20(6), 661-674.",looking_while_listening
Hillairet de Boisferon et al. (2015),proportion_total_looking_time,familiarization,passage,French,native,6,47,285.0,0.491,0.50,,,,0.1,0.09832402,0.1989107,9_mos_male_voice,0.45,6,fixed,"Hillairet de Boisferon, A., Dupierrix, E., Quinn, P. C., Lœvenbruck, H., Lewkowicz, D. J., Lee, K., & Pascalis, O. (2015). Perception of multisensory gender coherence in 6‐and 9‐month‐old infants. Infancy, 20(6), 661-674.",looking_while_listening
Lewkowicz et al. (2015),proportion_total_looking_time,familiarization,passage,English,native,6,48,119.7,,,,,,0.22,0.21639344,0.2366881,4_mos_English_first_block,0.35,15,fixed,"Lewkowicz, D. J., Minar, N. J., Tift, A. H., & Brandon, M. (2015). Perception of the multisensory coherence of fluent audiovisual speech in infancy: Its emergence and the role of experience. Journal of Experimental Child Psychology, 130, 147-162.",looking_while_listening
Lewkowicz et al. (2015),proportion_total_looking_time,familiarization,passage,English,native,6,48,119.7,,,,,,0.25,0.24590164,0.2367185,4_mos_English_second_block,0.35,15,fixed,"Lewkowicz, D. J., Minar, N. J., Tift, A. H., & Brandon, M. (2015). Perception of the multisensory coherence of fluent audiovisual speech in infancy: Its emergence and the role of experience. Journal of Experimental Child Psychology, 130, 147-162.",looking_while_listening
Lewkowicz et al. (2015),proportion_total_looking_time,familiarization,passage,English,non-native,6,48,119.7,,,,,,0.19,0.18688525,0.2324069,4_mos_Spanish_first_block,0.35,15,fixed,"Lewkowicz, D. J., Minar, N. J., Tift, A. H., & Brandon, M. (2015). Perception of the multisensory coherence of fluent audiovisual speech in infancy: Its emergence and the role of experience. Journal of Experimental Child Psychology, 130, 147-162.",looking_while_listening
Lewkowicz et al. (2015),proportion_total_looking_time,familiarization,passage,English,non-native,6,48,119.7,,,,,,0.27,0.26557377,0.2376972,4_mos_Spanish_second_block,0.35,15,fixed,"Lewkowicz, D. J., Minar, N. J., Tift, A. H., & Brandon, M. (2015). Perception of the multisensory coherence of fluent audiovisual speech in infancy: Its emergence and the role of experience. Journal of Experimental Child Psychology, 130, 147-162.",looking_while_listening
Lewkowicz et al. (2015),proportion_total_looking_time,familiarization,passage,English,native,6,55,265.4,,,,,,0.26,0.25630332,0.1899195,8_mos_English_first_block,0.55,5,fixed,"Lewkowicz, D. J., Minar, N. J., Tift, A. H., & Brandon, M. (2015). Perception of the multisensory coherence of fluent audiovisual speech in infancy: Its emergence and the role of experience. Journal of Experimental Child Psychology, 130, 147-162.",looking_while_listening
Lewkowicz et al. (2015),proportion_total_looking_time,familiarization,passage,English,native,6,55,265.4,,,,,,0.34,0.33516588,0.1883997,8_mos_English_second_block,0.55,5,fixed,"Lewkowicz, D. J., Minar, N. J., Tift, A. H., & Brandon, M. (2015). Perception of the multisensory coherence of fluent audiovisual speech in infancy: Its emergence and the role of experience. Journal of Experimental Child Psychology, 130, 147-162.",looking_while_listening
Lewkowicz et al. (2015),proportion_total_looking_time,familiarization,passage,English,non-native,6,55,265.4,,,,,,0.26,0.25630332,0.1909816,8_mos_Spanish_first_block,0.55,5,fixed,"Lewkowicz, D. J., Minar, N. J., Tift, A. H., & Brandon, M. (2015). Perception of the multisensory coherence of fluent audiovisual speech in infancy: Its emergence and the role of experience. Journal of Experimental Child Psychology, 130, 147-162.",looking_while_listening
Lewkowicz et al. (2015),proportion_total_looking_time,familiarization,passage,English,non-native,6,55,265.4,,,,,,0.28,0.27601896,0.1931786,8_mos_Spanish_second_block,0.55,5,fixed,"Lewkowicz, D. J., Minar, N. J., Tift, A. H., & Brandon, M. (2015). Perception of the multisensory coherence of fluent audiovisual speech in infancy: Its emergence and the role of experience. Journal of Experimental Child Psychology, 130, 147-162.",looking_while_listening
Lewkowicz et al. (2015),proportion_total_looking_time,familiarization,passage,English,native,6,48,392.0,,,,,,0.72,0.70819672,0.1811068,12_mos_English_first_block,0.63,5,fixed,"Lewkowicz, D. J., Minar, N. J., Tift, A. H., & Brandon, M. (2015). Perception of the multisensory coherence of fluent audiovisual speech in infancy: Its emergence and the role of experience. Journal of Experimental Child Psychology, 130, 147-162.",looking_while_listening
Lewkowicz et al. (2015),proportion_total_looking_time,familiarization,passage,English,native,6,48,392.0,,,,,,0.35,0.3442623,0.1922509,12_mos_English_second_block,0.63,5,fixed,"Lewkowicz, D. J., Minar, N. J., Tift, A. H., & Brandon, M. (2015). Perception of the multisensory coherence of fluent audiovisual speech in infancy: Its emergence and the role of experience. Journal of Experimental Child Psychology, 130, 147-162.",looking_while_listening
Lewkowicz et al. (2015),proportion_total_looking_time,familiarization,passage,English,non-native,6,48,392.0,,,,,,0.25,0.24590164,0.1668796,12_mos_Spanish_first_block,0.63,5,fixed,"Lewkowicz, D. J., Minar, N. J., Tift, A. H., & Brandon, M. (2015). Perception of the multisensory coherence of fluent audiovisual speech in infancy: Its emergence and the role of experience. Journal of Experimental Child Psychology, 130, 147-162.",looking_while_listening
Lewkowicz et al. (2015),proportion_total_looking_time,familiarization,passage,English,non-native,6,48,392.0,,,,,,0.8,0.78688525,0.1916503,12_mos_Spanish_second_block,0.63,5,fixed,"Lewkowicz, D. J., Minar, N. J., Tift, A. H., & Brandon, M. (2015). Perception of the multisensory coherence of fluent audiovisual speech in infancy: Its emergence and the role of experience. Journal of Experimental Child Psychology, 130, 147-162.",looking_while_listening
Altvater-Mackensen et al. (2016),proportion_total_looking_time,familiarization,segment,German,native,17,44,175.2,,,,,,0.23,0.22586826,0.23311,1,0.36,8,fixed,"Altvater-Mackensen, N., Mani, N., & Grossmann, T. (2016). Audiovisual speech perception in infancy: The influence of vowel identity and infants’ productive abilities on sensitivity to (mis) matches between auditory and visual speech cues. Developmental Psychology, 52(2), 191.",looking_while_listening
Guellai et al. (2016),proportion_total_looking_time,familiarization,passage,French,native,3,24,2.0,0.596,0.28,0.09,0.127,,,2.838446,0.4124062,1,0.46,11,fixed,"Guellaï, B., Streri, A., Chopin, A., Rider, D., & Kitamura, C. (2016). Newborns’ sensitivity to the visual aspects of infant-directed speech: Evidence from point-line displays of talking faces. Journal of Experimental Psychology: Human Perception and Performance, 42(9), 1275.",looking_while_listening
Guellai et al. (2016),proportion_total_looking_time,test_only,passage,French,native,3,12,1.5,0.646,0.34,0.10,0.118,,,2.7826273,0.5828444,2,0.75,5,fixed,"Guellaï, B., Streri, A., Chopin, A., Rider, D., & Kitamura, C. (2016). Newborns’ sensitivity to the visual aspects of infant-directed speech: Evidence from point-line displays of talking faces. Journal of Experimental Psychology: Human Perception and Performance, 42(9), 1275.",looking_while_listening
Streri et al. (2016),proportion_total_looking_time,familiarization,segment,French,native,1,24,91.0,0.284,0.50,0.13,,,,-1.82915694,0.3454808,3mos_a_vowel,0.46,,fixed,"Streri, A., Coulon, M., Marie, J., & Yeung, H. H. (2016). Developmental change in infants' detection of visual faces that match auditory vowels. Infancy, 21(2), 177-198.",looking_while_listening
Streri et al. (2016),proportion_total_looking_time,familiarization,segment,French,native,1,24,91.0,0.805,0.50,0.16,,,,2.1923042,0.3675332,3mos_i_vowel,0.46,,fixed,"Streri, A., Coulon, M., Marie, J., & Yeung, H. H. (2016). Developmental change in infants' detection of visual faces that match auditory vowels. Infancy, 21(2), 177-198.",looking_while_listening
Streri et al. (2016),proportion_total_looking_time,familiarization,segment,French,native,1,24,91.0,0.563,0.50,0.24,,,,0.33932723,0.2908145,3mos_u_vowel,0.46,,fixed,"Streri, A., Coulon, M., Marie, J., & Yeung, H. H. (2016). Developmental change in infants' detection of visual faces that match auditory vowels. Infancy, 21(2), 177-198.",looking_while_listening
Streri et al. (2016),proportion_total_looking_time,familiarization,segment,French,native,1,24,195.0,0.367,0.50,0.15,,,,-1.04159339,0.3082441,6mos_a_vowel,0.50,,fixed,"Streri, A., Coulon, M., Marie, J., & Yeung, H. H. (2016). Developmental change in infants' detection of visual faces that match auditory vowels. Infancy, 21(2), 177-198.",looking_while_listening
Streri et al. (2016),proportion_total_looking_time,familiarization,segment,French,native,1,24,195.0,0.489,0.50,0.12,,,,-0.09716638,0.2888511,6mos_i_vowel,0.50,,fixed,"Streri, A., Coulon, M., Marie, J., & Yeung, H. H. (2016). Developmental change in infants' detection of visual faces that match auditory vowels. Infancy, 21(2), 177-198.",looking_while_listening
Streri et al. (2016),proportion_total_looking_time,familiarization,segment,French,native,1,24,195.0,0.362,0.50,0.13,,,,-1.18024911,0.3135783,6mos_u_vowel,0.50,,fixed,"Streri, A., Coulon, M., Marie, J., & Yeung, H. H. (2016). Developmental change in infants' detection of visual faces that match auditory vowels. Infancy, 21(2), 177-198.",looking_while_listening
Streri et al. (2016),proportion_total_looking_time,familiarization,segment,French,native,1,24,280.0,0.564,0.50,0.24,,,,0.34623344,0.2909021,9mos_a_vowel,0.38,,fixed,"Streri, A., Coulon, M., Marie, J., & Yeung, H. H. (2016). Developmental change in infants' detection of visual faces that match auditory vowels. Infancy, 21(2), 177-198.",looking_while_listening
Streri et al. (2016),proportion_total_looking_time,familiarization,segment,French,native,1,24,280.0,0.420,0.50,0.14,,,,-0.63876777,0.2961865,9mos_i_vowel,0.38,,fixed,"Streri, A., Coulon, M., Marie, J., & Yeung, H. H. (2016). Developmental change in infants' detection of visual faces that match auditory vowels. Infancy, 21(2), 177-198.",looking_while_listening
Streri et al. (2016),proportion_total_looking_time,familiarization,segment,French,native,1,24,280.0,0.342,0.50,0.16,,,,-1.16791155,0.3130805,9mos_u_vowel,0.38,,fixed,"Streri, A., Coulon, M., Marie, J., & Yeung, H. H. (2016). Developmental change in infants' detection of visual faces that match auditory vowels. Infancy, 21(2), 177-198.",looking_while_listening
Richoz et al. (2017),proportion_total_looking_time,familiarization,passage,French,native,6,31,195.0,0.481,0.50,,,,-0.23,-0.11861384,0.2542292,6mos_IDS,0.35,3,fixed,"Richoz, A. R., Quinn, P. C., Hillairet de Boisferon, A., Berger, C., Loevenbruck, H., Lewkowicz, D. J., ... & Pascalis, O. (2017). Audio-visual perception of gender by infants emerges earlier for adult-directed speech. PloS one, 12(1), e0169325.",looking_while_listening
Richoz et al. (2017),proportion_total_looking_time,familiarization,passage,French,native,6,31,195.0,0.573,0.50,,,,0.75,0.40454673,0.256651,6mos_ADS,0.35,3,fixed,"Richoz, A. R., Quinn, P. C., Hillairet de Boisferon, A., Berger, C., Loevenbruck, H., Lewkowicz, D. J., ... & Pascalis, O. (2017). Audio-visual perception of gender by infants emerges earlier for adult-directed speech. PloS one, 12(1), e0169325.",looking_while_listening
Richoz et al. (2017),proportion_total_looking_time,familiarization,passage,French,native,6,31,283.0,,0.50,,,3.2,0.58,0.56486957,0.2899173,9mos_ADS+IDS,0.39,6,fixed,"Richoz, A. R., Quinn, P. C., Hillairet de Boisferon, A., Berger, C., Loevenbruck, H., Lewkowicz, D. J., ... & Pascalis, O. (2017). Audio-visual perception of gender by infants emerges earlier for adult-directed speech. PloS one, 12(1), e0169325.",looking_while_listening
Richoz et al. (2017),proportion_total_looking_time,familiarization,passage,French,native,6,31,379.0,,0.50,,,4.42,0.8,0.77913043,0.2698743,12mos_ADS+IDS,0.42,6,fixed,"Richoz, A. R., Quinn, P. C., Hillairet de Boisferon, A., Berger, C., Loevenbruck, H., Lewkowicz, D. J., ... & Pascalis, O. (2017). Audio-visual perception of gender by infants emerges earlier for adult-directed speech. PloS one, 12(1), e0169325.",looking_while_listening
Dorn et al. (2018),proportion_total_looking_time,familiarization,passage,German_Swedish,native,6,96,138.9,0.537,0.51,0.26,0.1295,,,0.1461614,0.1445317,4.5mos_German_Swedish,0.53,,fixed,"Dorn, K., Weinert, S., & Falck-Ytter, T. (2018). Watch and listen–A cross-cultural study of audio-visual-matching behavior in 4.5-month-old infants in German and Swedish talking faces. Infant Behavior and Development, 52, 121-129.",looking_while_listening
Pejovic et al. (2020),total_looking_time,familiarization,segment,Spanish,native,12,42,136.9,11.461,12.826,5.08,5.78,,,-0.2485165,0.2190742,1,0.43,20,fixed,"Pejovic, J., Yee, E., & Molnar, M. (2020). Speaker matters: Natural inter-speaker variation affects 4-month-olds’ perception of audio-visual speech. First Language, 40(2), 113-127.",looking_while_listening
Pickens et al. (1994),proportion_total_looking_time,familiarization,passage,English,native,4,27,91.3,0.570,0.5,0.10,,3.28,,0.44983463,0.2756868,3_mo_infants,0.53,,fixed,"Pickens, J., Field, T., Nawrocki, T., Martinez, A., Soutullo, D., & Gonzalez, J. (1994). Full-term and preterm infants' perception of face-voice synchrony. Infant Behavior and Development, 17(4), 447-455.",looking_while_listening
Pickens et al. (1994),proportion_total_looking_time,familiarization,passage,English,native,4,24,152.1,0.490,0.5,0.07,,,,-0.06446127,0.2887526,5_mo_infants,0.53,,fixed,"Pickens, J., Field, T., Nawrocki, T., Martinez, A., Soutullo, D., & Gonzalez, J. (1994). Full-term and preterm infants' perception of face-voice synchrony. Infant Behavior and Development, 17(4), 447-455.",looking_while_listening
Pickens et al. (1994),proportion_total_looking_time,familiarization,passage,English,native,4,26,212.9,0.560,0.5,0.08,,3.95,,0.39457736,0.2801183,7_mo_infants,0.53,,fixed,"Pickens, J., Field, T., Nawrocki, T., Martinez, A., Soutullo, D., & Gonzalez, J. (1994). Full-term and preterm infants' perception of face-voice synchrony. Infant Behavior and Development, 17(4), 447-455.",looking_while_listening
Poulindubois et al. (1994),total_looking_time,familiarization,passage,English,native,24,20,274.6,2.010,1.88,0.40,0.26,,,0.3777087,0.3191494,9_mo_infants,0.50,6,fixed,"Poulin-Dubois, Diane, Lisa A. Serbin, Brenda Kenyon, and Alison Derbyshire. ""Infants' intermodal knowledge about gender."" Developmental Psychology 30, no. 3 (1994): 436.",looking_while_listening
Poulindubois et al. (1994),total_looking_time,familiarization,passage,English,native,24,24,369.7,1.920,1.61,0.41,0.28,,,0.8685396,0.3024159,12_mo_infants,0.50,8,fixed,"Poulin-Dubois, Diane, Lisa A. Serbin, Brenda Kenyon, and Alison Derbyshire. ""Infants' intermodal knowledge about gender."" Developmental Psychology 30, no. 3 (1994): 436.",looking_while_listening
Poulindubois et al. (1994),total_looking_time,familiarization,passage,English,native,12,20,276.0,2.050,1.86,0.29,0.24,,,0.69963,0.3261427,9_mo_infants_2,0.50,8,fixed,"Poulin-Dubois, Diane, Lisa A. Serbin, Brenda Kenyon, and Alison Derbyshire. ""Infants' intermodal knowledge about gender."" Developmental Psychology 30, no. 3 (1994): 436.",looking_while_listening